symboling,normalized_losses,make,fuel_type,aspiration,num_of_doors,body_style,drive_wheels,engine_location,wheel_base,length,width,height,curb_weight,engine_type,num-of_cylinders,engine_size,fuel_system,bore,stroke,compression_ratio,horsepower,peak_rpm,city_mpg,highway_mpg,price,price_binned
3,41,alfa-romero,gas,std,two,convertible,rwd,front,88.6,0.811148486,2.965975104,26.81334356,2548,dohc,four,130,mpfi,3.47,2.68,9,111,5000,11.19047619,27,13495,low
3,41,alfa-romero,gas,std,two,convertible,rwd,front,88.6,0.811148486,2.965975104,26.81334356,2548,dohc,four,130,mpfi,3.47,2.68,9,111,5000,11.19047619,27,16500,low
1,41,alfa-romero,gas,std,two,hatchback,rwd,front,94.5,0.822681403,4.365975104,30.41334356,2823,ohcv,six,152,mpfi,2.68,3.47,9,154,5000,12.36842105,26,16500,low
2,164,audi,gas,std,four,sedan,fwd,front,99.8,0.848630466,5.065975104,32.31334356,2337,ohc,four,109,mpfi,3.19,3.4,10,102,5500,9.791666667,30,13950,low
2,164,audi,gas,std,four,sedan,4wd,front,99.4,0.848630466,5.265975104,32.31334356,2824,ohc,five,136,mpfi,3.19,3.4,8,115,5500,13.05555556,22,17450,low
2,41,audi,gas,std,two,sedan,fwd,front,99.8,0.851994234,5.165975104,31.11334356,2507,ohc,five,136,mpfi,3.19,3.4,8.5,110,5500,12.36842105,25,15250,low
1,158,audi,gas,std,four,sedan,fwd,front,105.8,0.925997117,10.2659751,33.71334356,2844,ohc,five,136,mpfi,3.19,3.4,8.5,110,5500,12.36842105,25,17710,low
1,41,audi,gas,std,four,wagon,fwd,front,105.8,0.925997117,10.2659751,33.71334356,2954,ohc,five,136,mpfi,3.19,3.4,8.5,110,5500,12.36842105,25,18920,mid
1,158,audi,gas,turbo,four,sedan,fwd,front,105.8,0.925997117,10.2659751,33.91334356,3086,ohc,five,131,mpfi,3.13,3.4,8.3,140,5500,13.82352941,20,23875,mid
0,41,audi,gas,turbo,two,hatchback,4wd,front,99.5,0.856319077,6.765975104,30.01334356,3053,ohc,five,131,mpfi,3.13,3.4,7,160,5500,14.6875,22,16430,low
2,192,bmw,gas,std,two,sedan,rwd,front,101.2,0.849591543,3.665975104,32.31334356,2395,ohc,four,108,mpfi,3.5,2.8,8.8,101,5800,10.2173913,29,16430,low
0,192,bmw,gas,std,four,sedan,rwd,front,101.2,0.849591543,3.665975104,32.31334356,2395,ohc,four,108,mpfi,3.5,2.8,8.8,101,5800,10.2173913,29,16925,low
0,188,bmw,gas,std,two,sedan,rwd,front,101.2,0.849591543,3.665975104,32.31334356,2710,ohc,six,164,mpfi,3.31,3.19,9,121,4250,11.19047619,28,20970,mid
0,188,bmw,gas,std,four,sedan,rwd,front,101.2,0.849591543,3.665975104,32.31334356,2765,ohc,six,164,mpfi,3.31,3.19,9,121,4250,11.19047619,28,21105,mid
1,41,bmw,gas,std,four,sedan,rwd,front,103.5,0.908217203,5.765975104,33.71334356,3055,ohc,six,164,mpfi,3.31,3.19,9,121,4250,11.75,25,24565,mid
0,41,bmw,gas,std,four,sedan,rwd,front,103.5,0.908217203,5.765975104,33.71334356,3230,ohc,six,209,mpfi,3.62,3.39,8,182,5400,14.6875,22,30760,mid
0,41,bmw,gas,std,two,sedan,rwd,front,103.5,0.931283037,6.765975104,31.71334356,3380,ohc,six,209,mpfi,3.62,3.39,8,182,5400,14.6875,22,41315,high
0,41,bmw,gas,std,four,sedan,rwd,front,110,0.946660259,9.765975104,34.31334356,3505,ohc,six,209,mpfi,3.62,3.39,8,182,5400,15.66666667,20,36880,high
2,121,chevrolet,gas,std,two,hatchback,fwd,front,88.4,0.678039404,-0.834024896,31.21334356,1488,l,three,61,2bbl,2.91,3.03,9.5,48,5100,5,53,5151,low
1,98,chevrolet,gas,std,two,hatchback,fwd,front,94.5,0.749159058,2.465975104,30.01334356,1874,ohc,four,90,2bbl,3.03,3.11,9.6,70,5400,6.184210526,43,6295,low
0,81,chevrolet,gas,std,four,sedan,fwd,front,94.5,0.763094666,2.465975104,30.01334356,1909,ohc,four,90,2bbl,3.03,3.11,9.6,70,5400,6.184210526,43,6575,low
1,118,dodge,gas,std,two,hatchback,fwd,front,93.7,0.755886593,2.665975104,28.81334356,1876,ohc,four,90,2bbl,2.97,3.23,9.41,68,5500,6.351351351,41,5572,low
1,118,dodge,gas,std,two,hatchback,fwd,front,93.7,0.755886593,2.665975104,28.81334356,1876,ohc,four,90,2bbl,2.97,3.23,9.4,68,5500,7.580645161,38,6377,low
1,118,dodge,gas,turbo,two,hatchback,fwd,front,93.7,0.755886593,2.665975104,28.81334356,2128,ohc,four,98,mpfi,3.03,3.39,7.6,102,5500,9.791666667,30,7957,low
1,148,dodge,gas,std,four,hatchback,fwd,front,93.7,0.755886593,2.665975104,28.61334356,1967,ohc,four,90,2bbl,2.97,3.23,9.4,68,5500,7.580645161,38,6229,low
1,148,dodge,gas,std,four,sedan,fwd,front,93.7,0.755886593,2.665975104,28.61334356,1989,ohc,four,90,2bbl,2.97,3.23,9.4,68,5500,7.580645161,38,6692,low
1,148,dodge,gas,std,four,sedan,fwd,front,93.7,0.755886593,2.665975104,28.61334356,1989,ohc,four,90,2bbl,2.97,3.23,9.4,68,5500,7.580645161,38,7609,low
1,148,dodge,gas,turbo,four,sedan,fwd,front,93.7,0.755886593,2.665975104,28.61334356,2191,ohc,four,98,mpfi,3.03,3.39,7.6,102,5500,9.791666667,30,8558,low
-1,110,dodge,gas,std,four,wagon,fwd,front,103.3,0.839019702,3.465975104,37.81334356,2535,ohc,four,122,2bbl,3.34,3.46,8.5,88,5000,9.791666667,30,8921,low
3,145,dodge,gas,turbo,two,hatchback,fwd,front,95.9,0.832292167,5.165975104,28.21334356,2811,ohc,four,156,mfi,3.6,3.9,7,145,5000,12.36842105,24,12964,low
2,137,honda,gas,std,two,hatchback,fwd,front,86.6,0.694858241,2.765975104,28.81334356,1713,ohc,four,92,1bbl,2.91,3.41,9.6,58,4800,4.795918367,54,6479,low
2,137,honda,gas,std,two,hatchback,fwd,front,86.6,0.694858241,2.765975104,28.81334356,1819,ohc,four,92,1bbl,2.91,3.41,9.2,76,6000,7.580645161,38,6855,low
1,101,honda,gas,std,two,hatchback,fwd,front,93.7,0.720807304,2.865975104,30.61334356,1837,ohc,four,79,1bbl,2.91,3.07,10.1,60,5500,6.184210526,42,5399,low
1,101,honda,gas,std,two,hatchback,fwd,front,93.7,0.720807304,2.865975104,30.61334356,1940,ohc,four,92,1bbl,2.91,3.41,9.2,76,6000,7.833333333,34,6529,low
1,101,honda,gas,std,two,hatchback,fwd,front,93.7,0.720807304,2.865975104,30.61334356,1956,ohc,four,92,1bbl,2.91,3.41,9.2,76,6000,7.833333333,34,7129,low
0,110,honda,gas,std,four,sedan,fwd,front,96.5,0.785199423,2.865975104,32.51334356,2010,ohc,four,92,1bbl,2.91,3.41,9.2,76,6000,7.833333333,34,7295,low
0,78,honda,gas,std,four,wagon,fwd,front,96.5,0.754925517,2.765975104,36.31334356,2024,ohc,four,92,1bbl,2.92,3.41,9.2,76,6000,7.833333333,34,7295,low
0,106,honda,gas,std,two,hatchback,fwd,front,96.5,0.80490149,4.065975104,31.31334356,2236,ohc,four,110,1bbl,3.15,3.58,9,86,5800,8.703703704,33,7895,low
0,106,honda,gas,std,two,hatchback,fwd,front,96.5,0.80490149,4.065975104,31.31334356,2289,ohc,four,110,1bbl,3.15,3.58,9,86,5800,8.703703704,33,9095,low
0,85,honda,gas,std,four,sedan,fwd,front,96.5,0.842864008,4.065975104,32.11334356,2304,ohc,four,110,1bbl,3.15,3.58,9,86,5800,8.703703704,33,8845,low
0,85,honda,gas,std,four,sedan,fwd,front,96.5,0.842864008,1.365975104,32.11334356,2372,ohc,four,110,1bbl,3.15,3.58,9,86,5800,8.703703704,33,10295,low
0,85,honda,gas,std,four,sedan,fwd,front,96.5,0.842864008,4.065975104,32.11334356,2465,ohc,four,110,mpfi,3.15,3.58,9,101,5800,9.791666667,28,12945,low
1,107,honda,gas,std,two,sedan,fwd,front,96.5,0.812590101,4.865975104,29.01334356,2293,ohc,four,110,2bbl,3.15,3.58,9.1,100,5500,9.4,31,10345,low
0,41,isuzu,gas,std,four,sedan,rwd,front,94.3,0.820278712,0.665975104,31.51334356,2337,ohc,four,111,2bbl,3.31,3.23,8.5,78,4800,9.791666667,29,6785,low
1,41,isuzu,gas,std,two,sedan,fwd,front,94.5,0.749159058,2.465975104,30.01334356,1874,ohc,four,90,2bbl,3.03,3.11,9.6,70,5400,6.184210526,43,11048,low
0,41,isuzu,gas,std,four,sedan,fwd,front,94.5,0.749159058,2.465975104,30.01334356,1909,ohc,four,90,2bbl,3.03,3.11,9.6,70,5400,6.184210526,43,11048,low
2,41,isuzu,gas,std,two,hatchback,rwd,front,96,0.829408938,4.065975104,29.41334356,2734,ohc,four,119,spfi,3.43,3.23,9.2,90,5000,9.791666667,29,11048,low
0,145,jaguar,gas,std,four,sedan,rwd,front,113,0.959154253,8.465975104,30.81334356,4066,dohc,six,258,mpfi,3.63,4.17,8.1,176,4750,15.66666667,19,32250,high
0,41,jaguar,gas,std,four,sedan,rwd,front,113,0.959154253,8.465975104,30.81334356,4066,dohc,six,258,mpfi,3.63,4.17,8.1,176,4750,15.66666667,19,35550,high
0,41,jaguar,gas,std,two,sedan,rwd,front,102,0.921191735,9.465975104,25.81334356,3950,ohcv,twelve,326,mpfi,3.54,2.76,11.5,262,5000,18.07692308,17,36000,high
1,104,mazda,gas,std,two,hatchback,fwd,front,93.1,0.764536281,3.065975104,32.11334356,1890,ohc,four,91,2bbl,3.03,3.15,9,68,5000,7.833333333,31,5195,low
1,104,mazda,gas,std,two,hatchback,fwd,front,93.1,0.764536281,3.065975104,32.11334356,1900,ohc,four,91,2bbl,3.03,3.15,9,68,5000,7.580645161,38,6095,low
1,104,mazda,gas,std,two,hatchback,fwd,front,93.1,0.764536281,3.065975104,32.11334356,1905,ohc,four,91,2bbl,3.03,3.15,9,68,5000,7.580645161,38,6795,low
1,113,mazda,gas,std,four,sedan,fwd,front,93.1,0.801537722,3.065975104,32.11334356,1945,ohc,four,91,2bbl,3.03,3.15,9,68,5000,7.580645161,38,6695,low
1,113,mazda,gas,std,four,sedan,fwd,front,93.1,0.801537722,3.065975104,32.11334356,1950,ohc,four,91,2bbl,3.08,3.15,9,68,5000,7.580645161,38,7395,low
3,150,mazda,gas,std,two,hatchback,rwd,front,95.3,0.812109563,4.565975104,27.61334356,2380,rotor,two,70,4bbl,3.39,3.39,9.4,101,6000,13.82352941,23,10945,low
3,150,mazda,gas,std,two,hatchback,rwd,front,95.3,0.812109563,4.565975104,27.61334356,2380,rotor,two,70,4bbl,3.39,3.39,9.4,101,6000,13.82352941,23,11845,low
3,150,mazda,gas,std,two,hatchback,rwd,front,95.3,0.812109563,4.565975104,27.61334356,2385,rotor,two,70,4bbl,3.39,3.39,9.4,101,6000,13.82352941,23,13645,low
3,150,mazda,gas,std,two,hatchback,rwd,front,95.3,0.812109563,4.565975104,27.61334356,2500,rotor,two,80,mpfi,3.39,3.39,9.4,135,6000,14.6875,23,15645,low
1,129,mazda,gas,std,two,hatchback,fwd,front,98.8,0.854396925,5.365975104,31.71334356,2385,ohc,four,122,2bbl,3.39,3.39,8.6,84,4800,9.038461538,32,8845,low
0,115,mazda,gas,std,four,sedan,fwd,front,98.8,0.854396925,5.365975104,33.51334356,2410,ohc,four,122,2bbl,3.39,3.39,8.6,84,4800,9.038461538,32,8495,low
1,129,mazda,gas,std,two,hatchback,fwd,front,98.8,0.854396925,5.365975104,31.71334356,2385,ohc,four,122,2bbl,3.39,3.39,8.6,84,4800,9.038461538,32,10595,low
0,115,mazda,gas,std,four,sedan,fwd,front,98.8,0.854396925,5.365975104,33.51334356,2410,ohc,four,122,2bbl,3.39,3.39,8.6,84,4800,9.038461538,32,10245,low
0,41,mazda,diesel,std,four,sedan,fwd,front,98.8,0.854396925,5.365975104,33.51334356,2443,ohc,four,122,idi,3.39,3.39,22.7,64,4650,6.527777778,42,10795,low
0,115,mazda,gas,std,four,hatchback,fwd,front,98.8,0.854396925,5.365975104,33.51334356,2425,ohc,four,122,2bbl,3.39,3.39,8.6,84,4800,9.038461538,32,11245,low
0,118,mazda,gas,std,four,sedan,rwd,front,104.9,0.840941855,4.965975104,32.41334356,2670,ohc,four,140,mpfi,3.76,3.16,8,120,5000,12.36842105,27,18280,low
0,41,mazda,diesel,std,four,sedan,rwd,front,104.9,0.840941855,4.965975104,32.41334356,2700,ohc,four,134,idi,3.43,3.64,22,72,4200,7.580645161,39,18344,low
-1,93,mercedes-benz,diesel,turbo,four,sedan,rwd,front,110,0.917347429,9.165975104,34.51334356,3515,ohc,five,183,idi,3.58,3.64,21.5,123,4350,10.68181818,25,25552,mid
-1,93,mercedes-benz,diesel,turbo,four,wagon,rwd,front,110,0.917347429,9.165975104,36.71334356,3750,ohc,five,183,idi,3.58,3.64,21.5,123,4350,10.68181818,25,28248,mid
0,93,mercedes-benz,diesel,turbo,two,hardtop,rwd,front,106.7,0.90100913,9.165975104,32.91334356,3495,ohc,five,183,idi,3.58,3.64,21.5,123,4350,10.68181818,25,28176,mid
-1,93,mercedes-benz,diesel,turbo,four,sedan,rwd,front,115.6,0.973570399,10.5659751,34.31334356,3770,ohc,five,183,idi,3.58,3.64,21.5,123,4350,10.68181818,25,31600,mid
-1,41,mercedes-benz,gas,std,four,sedan,rwd,front,115.6,0.973570399,10.5659751,34.51334356,3740,ohcv,eight,234,mpfi,3.46,3.1,8.3,155,4750,14.6875,18,34184,high
3,142,mercedes-benz,gas,std,two,convertible,rwd,front,96.6,0.86641038,9.365975104,28.81334356,3685,ohcv,eight,234,mpfi,3.46,3.1,8.3,155,4750,14.6875,18,35056,high
0,41,mercedes-benz,gas,std,four,sedan,rwd,front,120.9,1,10.5659751,34.71334356,3900,ohcv,eight,308,mpfi,3.8,3.35,8,184,4500,16.78571429,16,40960,high
1,41,mercedes-benz,gas,std,two,hardtop,rwd,front,112,0.9572321,10.8659751,33.41334356,3715,ohcv,eight,304,mpfi,3.8,3.35,8,184,4500,16.78571429,16,45400,high
1,41,mercury,gas,turbo,two,hatchback,rwd,front,102.7,0.857280154,6.865975104,32.81334356,2910,ohc,four,140,mpfi,3.78,3.12,8,175,5000,12.36842105,24,16503,low
2,161,mitsubishi,gas,std,two,hatchback,fwd,front,93.7,0.755886593,3.265975104,28.81334356,1918,ohc,four,92,2bbl,2.97,3.23,9.4,68,5500,6.351351351,41,5389,low
2,161,mitsubishi,gas,std,two,hatchback,fwd,front,93.7,0.755886593,3.265975104,28.81334356,1944,ohc,four,92,2bbl,2.97,3.23,9.4,68,5500,7.580645161,38,6189,low
2,161,mitsubishi,gas,std,two,hatchback,fwd,front,93.7,0.755886593,3.265975104,28.81334356,2004,ohc,four,92,2bbl,2.97,3.23,9.4,68,5500,7.580645161,38,6669,low
1,161,mitsubishi,gas,turbo,two,hatchback,fwd,front,93,0.755886593,2.665975104,28.81334356,2145,ohc,four,98,spdi,3.03,3.39,7.6,102,5500,9.791666667,30,7689,low
3,153,mitsubishi,gas,turbo,two,hatchback,fwd,front,96.3,0.831331091,4.265975104,27.41334356,2370,ohc,four,110,spdi,3.17,3.46,7.5,116,5500,10.2173913,30,9959,low
3,153,mitsubishi,gas,std,two,hatchback,fwd,front,96.3,0.831331091,4.265975104,27.41334356,2328,ohc,four,122,2bbl,3.35,3.46,8.5,88,5000,9.4,32,8499,low
3,41,mitsubishi,gas,turbo,two,hatchback,fwd,front,95.9,0.832292167,5.165975104,28.21334356,2833,ohc,four,156,spdi,3.58,3.86,7,145,5000,12.36842105,24,12629,low
3,41,mitsubishi,gas,turbo,two,hatchback,fwd,front,95.9,0.832292167,5.165975104,28.21334356,2921,ohc,four,156,spdi,3.59,3.86,7,145,5000,12.36842105,24,14869,low
3,41,mitsubishi,gas,turbo,two,hatchback,fwd,front,95.9,0.832292167,5.165975104,28.21334356,2926,ohc,four,156,spdi,3.59,3.86,7,145,5000,12.36842105,24,14489,low
1,125,mitsubishi,gas,std,four,sedan,fwd,front,96.3,0.828447862,4.265975104,29.61334356,2365,ohc,four,122,2bbl,3.35,3.46,8.5,88,5000,9.4,32,6989,low
1,125,mitsubishi,gas,std,four,sedan,fwd,front,96.3,0.828447862,4.265975104,29.61334356,2405,ohc,four,122,2bbl,3.35,3.46,8.5,88,5000,9.4,32,8189,low
1,125,mitsubishi,gas,turbo,four,sedan,fwd,front,96.3,0.828447862,4.265975104,29.61334356,2403,ohc,four,110,spdi,3.17,3.46,7.5,116,5500,10.2173913,30,9279,low
-1,137,mitsubishi,gas,std,four,sedan,fwd,front,96.3,0.828447862,4.265975104,29.61334356,2403,ohc,four,110,spdi,3.17,3.46,7.5,116,5500,10.2173913,30,9279,low
1,128,nissan,gas,std,two,sedan,fwd,front,94.5,0.794329649,2.665975104,32.51334356,1889,ohc,four,97,2bbl,3.15,3.29,9.4,69,5200,7.580645161,37,5499,low
1,128,nissan,diesel,std,two,sedan,fwd,front,94.5,0.794329649,2.665975104,32.51334356,2017,ohc,four,103,idi,2.99,3.47,21.9,55,4800,5.222222222,50,7099,low
1,128,nissan,gas,std,two,sedan,fwd,front,94.5,0.794329649,2.665975104,32.51334356,1918,ohc,four,97,2bbl,3.15,3.29,9.4,69,5200,7.580645161,37,6649,low
1,122,nissan,gas,std,four,sedan,fwd,front,94.5,0.794329649,2.665975104,32.51334356,1938,ohc,four,97,2bbl,3.15,3.29,9.4,69,5200,7.580645161,37,6849,low
1,103,nissan,gas,std,four,wagon,fwd,front,94.5,0.817876021,2.665975104,31.51334356,2024,ohc,four,97,2bbl,3.15,3.29,9.4,69,5200,7.580645161,37,7349,low
1,128,nissan,gas,std,two,sedan,fwd,front,94.5,0.794329649,2.665975104,32.51334356,1951,ohc,four,97,2bbl,3.15,3.29,9.4,69,5200,7.580645161,37,7299,low
1,128,nissan,gas,std,two,hatchback,fwd,front,94.5,0.795771264,2.665975104,31.31334356,2028,ohc,four,97,2bbl,3.15,3.29,9.4,69,5200,7.580645161,37,7799,low
1,122,nissan,gas,std,four,sedan,fwd,front,94.5,0.794329649,2.665975104,32.51334356,1971,ohc,four,97,2bbl,3.15,3.29,9.4,69,5200,7.580645161,37,7499,low
1,103,nissan,gas,std,four,wagon,fwd,front,94.5,0.817876021,2.665975104,31.51334356,2037,ohc,four,97,2bbl,3.15,3.29,9.4,69,5200,7.580645161,37,7999,low
2,168,nissan,gas,std,two,hardtop,fwd,front,95.1,0.780394041,2.665975104,31.31334356,2008,ohc,four,97,2bbl,3.15,3.29,9.4,69,5200,7.580645161,37,8249,low
0,106,nissan,gas,std,four,hatchback,fwd,front,97.2,0.833253244,4.065975104,32.71334356,2324,ohc,four,120,2bbl,3.33,3.47,8.5,97,5200,8.703703704,34,8949,low
0,106,nissan,gas,std,four,sedan,fwd,front,97.2,0.833253244,4.065975104,32.71334356,2302,ohc,four,120,2bbl,3.33,3.47,8.5,97,5200,8.703703704,34,9549,low
0,128,nissan,gas,std,four,sedan,fwd,front,100.4,0.873137914,5.365975104,33.11334356,3095,ohcv,six,181,mpfi,3.43,3.27,9,152,5200,13.82352941,22,13499,low
0,108,nissan,gas,std,four,wagon,fwd,front,100.4,0.887073522,5.365975104,34.11334356,3296,ohcv,six,181,mpfi,3.43,3.27,9,152,5200,13.82352941,22,14399,low
0,108,nissan,gas,std,four,sedan,fwd,front,100.4,0.887073522,5.365975104,33.11334356,3060,ohcv,six,181,mpfi,3.43,3.27,9,152,5200,12.36842105,25,13499,low
3,194,nissan,gas,std,two,hatchback,rwd,front,91.3,0.820278712,6.765975104,27.71334356,3071,ohcv,six,181,mpfi,3.43,3.27,9,160,5200,12.36842105,25,17199,low
3,194,nissan,gas,turbo,two,hatchback,rwd,front,91.3,0.820278712,6.765975104,27.71334356,3139,ohcv,six,181,mpfi,3.43,3.27,7.8,200,5200,13.82352941,23,19699,mid
1,231,nissan,gas,std,two,hatchback,rwd,front,99.2,0.857760692,6.765975104,27.71334356,3139,ohcv,six,181,mpfi,3.43,3.27,9,160,5200,12.36842105,25,18399,low
0,161,peugot,gas,std,four,sedan,rwd,front,107.9,0.897164825,7.265975104,34.71334356,3020,l,four,120,mpfi,3.46,3.19,8.4,97,5000,12.36842105,24,11900,low
0,161,peugot,diesel,turbo,four,sedan,rwd,front,107.9,0.897164825,7.265975104,34.71334356,3197,l,four,152,idi,3.7,3.52,21,95,4150,8.392857143,33,13200,low
0,41,peugot,gas,std,four,wagon,rwd,front,114.2,0.955790485,7.265975104,36.71334356,3230,l,four,120,mpfi,3.46,3.19,8.4,97,5000,12.36842105,24,12440,low
0,41,peugot,diesel,turbo,four,wagon,rwd,front,114.2,0.955790485,7.265975104,36.71334356,3430,l,four,152,idi,3.7,3.52,21,95,4150,9.4,25,13860,low
0,161,peugot,gas,std,four,sedan,rwd,front,107.9,0.897164825,7.265975104,34.71334356,3075,l,four,120,mpfi,3.46,2.19,8.4,95,5000,12.36842105,24,15580,low
0,161,peugot,diesel,turbo,four,sedan,rwd,front,107.9,0.897164825,7.265975104,34.71334356,3252,l,four,152,idi,3.7,3.52,21,95,4150,8.392857143,33,16900,low
0,41,peugot,gas,std,four,wagon,rwd,front,114.2,0.955790485,7.265975104,34.71334356,3285,l,four,120,mpfi,3.46,2.19,8.4,95,5000,12.36842105,24,16695,low
0,41,peugot,diesel,turbo,four,wagon,rwd,front,114.2,0.955790485,7.265975104,36.71334356,3485,l,four,152,idi,3.7,3.52,21,95,4150,9.4,25,17075,low
0,161,peugot,gas,std,four,sedan,rwd,front,107.9,0.897164825,7.265975104,34.71334356,3075,l,four,120,mpfi,3.46,3.19,8.4,97,5000,12.36842105,24,16630,low
0,161,peugot,diesel,turbo,four,sedan,rwd,front,107.9,0.897164825,7.265975104,34.71334356,3252,l,four,152,idi,3.7,3.52,21,95,4150,8.392857143,33,17950,low
0,161,peugot,gas,turbo,four,sedan,rwd,front,108,0.897164825,7.165975104,34.01334356,3130,l,four,134,mpfi,3.61,3.21,7,142,5600,13.05555556,24,18150,low
1,119,plymouth,gas,std,two,hatchback,fwd,front,93.7,0.755886593,2.665975104,28.81334356,1918,ohc,four,90,2bbl,2.97,3.23,9.4,68,5500,6.351351351,41,5572,low
1,119,plymouth,gas,turbo,two,hatchback,fwd,front,93.7,0.755886593,2.665975104,28.81334356,2128,ohc,four,98,spdi,3.03,3.39,7.6,102,5500,9.791666667,30,7957,low
1,154,plymouth,gas,std,four,hatchback,fwd,front,93.7,0.755886593,2.665975104,28.61334356,1967,ohc,four,90,2bbl,2.97,3.23,9.4,68,5500,7.580645161,38,6229,low
1,154,plymouth,gas,std,four,sedan,fwd,front,93.7,0.803940413,2.665975104,28.81334356,1989,ohc,four,90,2bbl,2.97,3.23,9.4,68,5500,7.580645161,38,6692,low
1,154,plymouth,gas,std,four,sedan,fwd,front,93.7,0.803940413,2.665975104,28.81334356,2191,ohc,four,98,2bbl,2.97,3.23,9.4,68,5500,7.580645161,38,7609,low
-1,74,plymouth,gas,std,four,wagon,fwd,front,103.3,0.839019702,3.465975104,37.81334356,2535,ohc,four,122,2bbl,3.35,3.46,8.5,88,5000,9.791666667,30,8921,low
3,41,plymouth,gas,turbo,two,hatchback,rwd,front,95.9,0.832292167,5.165975104,28.21334356,2818,ohc,four,156,spdi,3.59,3.86,7,145,5000,12.36842105,24,12764,low
3,186,porsche,gas,std,two,hatchback,rwd,front,94.5,0.811629025,7.165975104,28.21334356,2778,ohc,four,151,mpfi,3.94,3.11,9.5,143,5500,12.36842105,27,22018,mid
3,41,porsche,gas,std,two,hardtop,rwd,rear,89.5,0.811629025,3.865975104,29.61334356,2756,ohcf,six,194,mpfi,3.74,2.9,9.5,207,5900,13.82352941,25,32528,high
3,41,porsche,gas,std,two,hardtop,rwd,rear,89.5,0.811629025,3.865975104,29.61334356,2756,ohcf,six,194,mpfi,3.74,2.9,9.5,207,5900,13.82352941,25,34028,high
3,41,porsche,gas,std,two,convertible,rwd,rear,89.5,0.811629025,3.865975104,29.61334356,2800,ohcf,six,194,mpfi,3.74,2.9,9.5,207,5900,13.82352941,25,37028,high
1,41,porsche,gas,std,two,hatchback,rwd,front,98.4,0.844305622,11.1659751,28.51334356,3366,dohcv,eight,203,mpfi,3.94,3.11,10,288,5750,13.82352941,28,9295,low
0,41,renault,gas,std,four,wagon,fwd,front,96.1,0.872176838,5.365975104,33.21334356,2579,ohc,four,132,mpfi,3.46,3.9,8.7,110,5250,10.2173913,31,9295,low
2,41,renault,gas,std,two,hatchback,fwd,front,96.1,0.849591543,5.465975104,28.51334356,2460,ohc,four,132,mpfi,3.46,3.9,8.7,110,5250,10.2173913,31,9895,low
3,150,saab,gas,std,two,hatchback,fwd,front,99.1,0.896684286,5.365975104,34.11334356,2658,ohc,four,121,mpfi,3.54,3.07,9.31,110,5250,11.19047619,28,11850,low
2,104,saab,gas,std,four,sedan,fwd,front,99.1,0.896684286,5.365975104,34.11334356,2695,ohc,four,121,mpfi,3.54,3.07,9.3,110,5250,11.19047619,28,12170,low
3,150,saab,gas,std,two,hatchback,fwd,front,99.1,0.896684286,5.365975104,34.11334356,2707,ohc,four,121,mpfi,2.54,2.07,9.3,110,5250,11.19047619,28,15040,low
2,104,saab,gas,std,four,sedan,fwd,front,99.1,0.896684286,5.365975104,34.11334356,2758,ohc,four,121,mpfi,3.54,3.07,9.3,110,5250,11.19047619,28,15510,low
3,150,saab,gas,turbo,two,hatchback,fwd,front,99.1,0.896684286,5.365975104,34.11334356,2808,dohc,four,121,mpfi,3.54,3.07,9,160,5500,12.36842105,26,18150,low
2,104,saab,gas,turbo,four,sedan,fwd,front,99.1,0.896684286,5.365975104,34.11334356,2847,dohc,four,121,mpfi,3.54,3.07,9,160,5500,12.36842105,26,18620,mid
2,83,subaru,gas,std,two,hatchback,fwd,front,93.7,0.75396444,2.265975104,31.71334356,2050,ohcf,four,97,2bbl,3.62,2.36,9,69,4900,7.580645161,36,5118,low
2,83,subaru,gas,std,two,hatchback,fwd,front,93.7,0.758769822,2.465975104,31.71334356,2120,ohcf,four,108,2bbl,3.62,2.64,8.7,73,4400,9.038461538,31,7053,low
2,83,subaru,gas,std,two,hatchback,4wd,front,93.3,0.755886593,2.665975104,33.71334356,2240,ohcf,four,108,2bbl,3.62,2.64,8.7,73,4400,9.038461538,31,7603,low
0,102,subaru,gas,std,four,sedan,fwd,front,97.2,0.826525709,4.265975104,30.51334356,2145,ohcf,four,108,2bbl,3.62,2.64,9.5,82,4800,7.34375,37,7126,low
0,102,subaru,gas,std,four,sedan,fwd,front,97.2,0.826525709,4.265975104,30.51334356,2190,ohcf,four,108,2bbl,3.62,2.64,9.5,82,4400,8.392857143,33,7775,low
0,102,subaru,gas,std,four,sedan,fwd,front,97.2,0.826525709,4.265975104,30.51334356,2340,ohcf,four,108,mpfi,3.62,2.64,9,94,5200,9.038461538,32,9960,low
0,102,subaru,gas,std,four,sedan,4wd,front,97,0.826525709,4.265975104,32.31334356,2385,ohcf,four,108,2bbl,3.62,2.64,9,82,4800,9.791666667,25,9233,low
0,102,subaru,gas,turbo,four,sedan,4wd,front,97,0.826525709,4.265975104,32.31334356,2510,ohcf,four,108,mpfi,3.62,2.64,7.7,111,4800,9.791666667,29,11259,low
0,89,subaru,gas,std,four,wagon,fwd,front,97,0.833733782,4.265975104,31.01334356,2290,ohcf,four,108,2bbl,3.62,2.64,9,82,4800,8.392857143,32,7463,low
0,89,subaru,gas,std,four,wagon,fwd,front,97,0.833733782,4.265975104,31.01334356,2455,ohcf,four,108,mpfi,3.62,2.64,9,94,5200,9.4,31,10198,low
0,85,subaru,gas,std,four,wagon,4wd,front,96.9,0.83421432,4.265975104,32.91334356,2420,ohcf,four,108,2bbl,3.62,2.64,9,82,4800,10.2173913,29,8013,low
0,85,subaru,gas,turbo,four,wagon,4wd,front,96.9,0.83421432,4.265975104,32.91334356,2650,ohcf,four,108,mpfi,3.62,2.64,7.7,111,4800,10.2173913,23,11694,low
1,87,toyota,gas,std,two,hatchback,fwd,front,95.7,0.762614128,2.465975104,32.51334356,1985,ohc,four,92,2bbl,3.05,3.03,9,62,4800,6.714285714,39,5348,low
1,87,toyota,gas,std,two,hatchback,fwd,front,95.7,0.762614128,2.465975104,32.51334356,2040,ohc,four,92,2bbl,3.05,3.03,9,62,4800,7.580645161,38,6338,low
1,74,toyota,gas,std,four,hatchback,fwd,front,95.7,0.762614128,2.465975104,32.51334356,2015,ohc,four,92,2bbl,3.05,3.03,9,62,4800,7.580645161,38,6488,low
0,77,toyota,gas,std,four,wagon,fwd,front,95.7,0.81547333,2.465975104,37.11334356,2280,ohc,four,92,2bbl,3.05,3.03,9,62,4800,7.580645161,37,6918,low
0,81,toyota,gas,std,four,wagon,4wd,front,95.7,0.81547333,2.465975104,37.11334356,2290,ohc,four,92,2bbl,3.05,3.03,9,62,4800,8.703703704,32,7898,low
0,91,toyota,gas,std,four,wagon,4wd,front,95.7,0.81547333,2.465975104,37.11334356,3110,ohc,four,92,2bbl,3.05,3.03,9,62,4800,8.703703704,32,8778,low
0,91,toyota,gas,std,four,sedan,fwd,front,95.7,0.799135031,3.265975104,31.01334356,2081,ohc,four,98,2bbl,3.19,3.03,9,70,4800,7.833333333,37,6938,low
0,91,toyota,gas,std,four,hatchback,fwd,front,95.7,0.799135031,3.265975104,30.81334356,2109,ohc,four,98,2bbl,3.19,3.03,9,70,4800,7.833333333,37,7198,low
0,91,toyota,diesel,std,four,sedan,fwd,front,95.7,0.799135031,3.265975104,31.01334356,2275,ohc,four,110,idi,3.27,3.35,22.5,56,4500,6.911764706,36,7898,low
0,91,toyota,diesel,std,four,hatchback,fwd,front,95.7,0.799135031,3.265975104,30.81334356,2275,ohc,four,110,idi,3.27,3.35,22.5,56,4500,6.184210526,47,7788,low
0,91,toyota,gas,std,four,sedan,fwd,front,95.7,0.799135031,3.265975104,31.01334356,2094,ohc,four,98,2bbl,3.19,3.03,9,70,4800,6.184210526,47,7738,low
0,91,toyota,gas,std,four,hatchback,fwd,front,95.7,0.799135031,3.265975104,30.81334356,2122,ohc,four,98,2bbl,3.19,3.03,9,70,4800,8.392857143,34,8358,low
0,91,toyota,gas,std,four,sedan,fwd,front,95.7,0.799135031,3.265975104,30.81334356,2140,ohc,four,98,2bbl,3.19,3.03,9,70,4800,8.392857143,34,9258,low
1,168,toyota,gas,std,two,sedan,rwd,front,94.5,0.810667948,2.865975104,30.61334356,2169,ohc,four,98,2bbl,3.19,3.03,9,70,4800,8.103448276,34,8058,low
1,168,toyota,gas,std,two,hatchback,rwd,front,94.5,0.810667948,2.865975104,30.61334356,2204,ohc,four,98,2bbl,3.19,3.03,9,70,4800,8.103448276,34,8238,low
1,168,toyota,gas,std,two,sedan,rwd,front,94.5,0.810667948,2.865975104,30.61334356,2265,dohc,four,98,mpfi,3.24,3.08,9.4,112,6600,9.038461538,29,9298,low
1,168,toyota,gas,std,two,hatchback,rwd,front,94.5,0.810667948,2.865975104,30.61334356,2300,dohc,four,98,mpfi,3.24,3.08,9.4,112,6600,9.038461538,29,9538,low
2,134,toyota,gas,std,two,hardtop,rwd,front,98.4,0.846708313,4.465975104,30.01334356,2540,ohc,four,146,mpfi,3.62,3.5,9.3,116,4800,9.791666667,30,8449,low
2,134,toyota,gas,std,two,hardtop,rwd,front,98.4,0.846708313,4.465975104,30.01334356,2536,ohc,four,146,mpfi,3.62,3.5,9.3,116,4800,9.791666667,30,9639,low
2,134,toyota,gas,std,two,hatchback,rwd,front,98.4,0.846708313,4.465975104,30.01334356,2551,ohc,four,146,mpfi,3.62,3.5,9.3,116,4800,9.791666667,30,9989,low
2,134,toyota,gas,std,two,hardtop,rwd,front,98.4,0.846708313,4.465975104,30.01334356,2679,ohc,four,146,mpfi,3.62,3.5,9.3,116,4800,9.791666667,30,11199,low
2,134,toyota,gas,std,two,hatchback,rwd,front,98.4,0.846708313,4.465975104,30.01334356,2714,ohc,four,146,mpfi,3.62,3.5,9.3,116,4800,9.791666667,30,11549,low
2,134,toyota,gas,std,two,convertible,rwd,front,98.4,0.846708313,4.465975104,31.01334356,2975,ohc,four,146,mpfi,3.62,3.5,9.3,116,4800,9.791666667,30,17669,low
-1,65,toyota,gas,std,four,sedan,fwd,front,102.4,0.843825084,5.365975104,32.91334356,2326,ohc,four,122,mpfi,3.31,3.54,8.7,92,4200,8.103448276,34,8948,low
-1,65,toyota,diesel,turbo,four,sedan,fwd,front,102.4,0.843825084,5.365975104,32.91334356,2480,ohc,four,110,idi,3.27,3.35,22.5,73,4500,7.833333333,33,10698,low
-1,65,toyota,gas,std,four,hatchback,fwd,front,102.4,0.843825084,5.365975104,31.91334356,2414,ohc,four,122,mpfi,3.31,3.54,8.7,92,4200,8.703703704,32,9988,low
-1,65,toyota,gas,std,four,sedan,fwd,front,102.4,0.843825084,5.365975104,32.91334356,2414,ohc,four,122,mpfi,3.31,3.54,8.7,92,4200,8.703703704,32,10898,low
-1,65,toyota,gas,std,four,hatchback,fwd,front,102.4,0.843825084,5.365975104,31.91334356,2458,ohc,four,122,mpfi,3.31,3.54,8.7,92,4200,8.703703704,32,11248,low
3,197,toyota,gas,std,two,hatchback,rwd,front,102.9,0.881787602,6.565975104,30.01334356,2976,dohc,six,171,mpfi,3.27,3.35,9.3,161,5200,11.75,24,16558,low
3,197,toyota,gas,std,two,hatchback,rwd,front,102.9,0.881787602,6.565975104,30.01334356,3016,dohc,six,171,mpfi,3.27,3.35,9.3,161,5200,12.36842105,24,15998,low
-1,90,toyota,gas,std,four,sedan,rwd,front,104.5,0.902450745,5.365975104,32.11334356,3131,dohc,six,171,mpfi,3.27,3.35,9.2,156,5200,11.75,24,15690,low
-1,41,toyota,gas,std,four,wagon,rwd,front,104.5,0.902450745,5.365975104,32.11334356,3151,dohc,six,161,mpfi,3.27,3.35,9.2,156,5200,12.36842105,24,15750,low
2,122,volkswagen,diesel,std,two,sedan,fwd,front,97.3,0.825084094,4.365975104,33.71334356,2261,ohc,four,97,idi,3.01,3.4,23,52,4800,6.351351351,46,7775,low
2,122,volkswagen,gas,std,two,sedan,fwd,front,97.3,0.825084094,4.365975104,33.71334356,2209,ohc,four,109,mpfi,3.19,3.4,9,85,5250,8.703703704,34,7975,low
2,94,volkswagen,diesel,std,four,sedan,fwd,front,97.3,0.825084094,4.365975104,33.71334356,2264,ohc,four,97,idi,3.01,3.4,23,52,4800,6.351351351,46,7995,low
2,94,volkswagen,gas,std,four,sedan,fwd,front,97.3,0.825084094,4.365975104,33.71334356,2212,ohc,four,109,mpfi,3.19,3.4,9,85,5250,8.703703704,34,8195,low
2,94,volkswagen,gas,std,four,sedan,fwd,front,97.3,0.825084094,4.365975104,33.71334356,2275,ohc,four,109,mpfi,3.19,3.4,9,85,5250,8.703703704,34,8495,low
2,94,volkswagen,diesel,turbo,four,sedan,fwd,front,97.3,0.825084094,4.365975104,33.71334356,2319,ohc,four,97,idi,3.01,3.4,23,68,4500,6.351351351,42,9495,low
2,94,volkswagen,gas,std,four,sedan,fwd,front,97.3,0.825084094,4.365975104,33.71334356,2300,ohc,four,109,mpfi,3.19,3.4,10,100,5500,9.038461538,32,9995,low
3,41,volkswagen,gas,std,two,convertible,fwd,front,94.5,0.765497357,3.065975104,33.61334356,2254,ohc,four,109,mpfi,3.19,3.4,8.5,90,5500,9.791666667,29,11595,low
3,256,volkswagen,gas,std,two,hatchback,fwd,front,94.5,0.796251802,2.865975104,29.41334356,2221,ohc,four,109,mpfi,3.19,3.4,8.5,90,5500,9.791666667,29,9980,low
0,41,volkswagen,gas,std,four,sedan,fwd,front,100.4,0.865929841,5.765975104,33.11334356,2661,ohc,five,136,mpfi,3.19,3.4,8.5,110,5500,12.36842105,24,13295,low
0,41,volkswagen,diesel,turbo,four,sedan,fwd,front,100.4,0.865929841,5.765975104,33.11334356,2579,ohc,four,97,idi,3.01,3.4,23,68,4500,7.121212121,38,13845,low
0,41,volkswagen,gas,std,four,wagon,fwd,front,100.4,0.879865449,5.765975104,33.11334356,2563,ohc,four,109,mpfi,3.19,3.4,9,88,5500,9.4,31,12290,low
-2,103,volvo,gas,std,four,sedan,rwd,front,104.3,0.907256127,6.065975104,34.21334356,2912,ohc,four,141,mpfi,3.78,3.15,9.5,114,5400,10.2173913,28,12940,low
-1,74,volvo,gas,std,four,wagon,rwd,front,104.3,0.907256127,6.065975104,35.51334356,3034,ohc,four,141,mpfi,3.78,3.15,9.5,114,5400,10.2173913,28,13415,low
-2,103,volvo,gas,std,four,sedan,rwd,front,104.3,0.907256127,6.065975104,34.21334356,2935,ohc,four,141,mpfi,3.78,3.15,9.5,114,5400,9.791666667,28,15985,low
-1,74,volvo,gas,std,four,wagon,rwd,front,104.3,0.907256127,6.065975104,35.51334356,3042,ohc,four,141,mpfi,3.78,3.15,9.5,114,5400,9.791666667,28,16515,low
-2,103,volvo,gas,turbo,four,sedan,rwd,front,104.3,0.907256127,6.065975104,34.21334356,3045,ohc,four,130,mpfi,3.62,3.15,7.5,162,5100,13.82352941,22,18420,low
-1,74,volvo,gas,turbo,four,wagon,rwd,front,104.3,0.907256127,6.065975104,35.51334356,3157,ohc,four,130,mpfi,3.62,3.15,7.5,162,5100,13.82352941,22,18950,mid
-1,95,volvo,gas,std,four,sedan,rwd,front,109.1,0.907256127,7.765975104,33.51334356,2952,ohc,four,141,mpfi,3.78,3.15,9.5,114,5400,10.2173913,28,16845,low
-1,95,volvo,gas,turbo,four,sedan,rwd,front,109.1,0.907256127,7.665975104,33.51334356,3049,ohc,four,141,mpfi,3.78,3.15,8.7,160,5300,12.36842105,25,19045,mid
-1,95,volvo,gas,std,four,sedan,rwd,front,109.1,0.907256127,7.765975104,33.51334356,3012,ohcv,six,173,mpfi,3.58,2.87,8.8,134,5500,13.05555556,23,21485,mid
-1,95,volvo,diesel,turbo,four,sedan,rwd,front,109.1,0.907256127,7.765975104,33.51334356,3217,ohc,six,145,idi,3.01,3.4,23,106,4800,9.038461538,27,22470,mid
-1,95,volvo,gas,turbo,four,sedan,rwd,front,109.1,0.907256127,7.765975104,33.51334356,3062,ohc,four,141,mpfi,3.78,3.15,9.5,114,5400,12.36842105,25,22625,mid
